心血管内科,http://www.haodf.com/keshi/DE4r0PiRvNoMFwIj8vHRbuflCII2Ip.htm,http://haoping.haodf.com/keshi/1010000/daifu_all.htm
神经内科,http://www.haodf.com/keshi/DE4r0PiRvNoMFwnRFKpfeExr66G9dy.htm,http://haoping.haodf.com/keshi/1007000/daifu_all.htm
消化内科,http://www.haodf.com/keshi/DE4r0PiRvNoMFwnlv-5j0IJtZLKdvE.htm,http://haoping.haodf.com/keshi/1009000/daifu_all.htm
内分泌科,http://www.haodf.com/keshi/DE4r0PiRvNoMFwnkuZX7WXwOozZ55v.htm,http://haoping.haodf.com/keshi/1005000/daifu_all.htm
免疫科,http://www.haodf.com/keshi/DE4r0PiRvNoMFwnzPSNUxFgnYSo3qd.htm,http://haoping.haodf.com/keshi/1004000/daifu_all.htm
呼吸科,http://www.haodf.com/keshi/DE4r0PiRvNoMFwnH8vHRbuflCII2Ip.htm,http://haoping.haodf.com/keshi/1002000/daifu_all.htm
肾病内科,http://www.haodf.com/keshi/DE4r0PiRvNoMFwnMVCqhiDicFZ26uM.htm,http://haoping.haodf.com/keshi/1008000/daifu_all.htm
血液科,http://www.haodf.com/keshi/DE4r0PiRvNoMFwIHBDLmPYT0z9Sqp5.htm,http://haoping.haodf.com/keshi/1011000/daifu_all.htm
感染内科,http://www.haodf.com/keshi/DE4r0PiRvNoMFwIQPSNUxFgnYSo3qd.htm,http://haoping.haodf.com/keshi/1012000/daifu_all.htm
过敏反应科,http://www.haodf.com/keshi/DE4r0PiRvNoMFwIkeGI81vhb3ops9G.htm,http://haoping.haodf.com/keshi/1014000/daifu_all.htm
老年病科,http://www.haodf.com/keshi/DE4r0PiRvNoMFwnQBDLmPYT0z9Sqp5.htm,http://haoping.haodf.com/keshi/1003000/daifu_all.htm
普通内科,http://www.haodf.com/keshi/DE4r0PiRvNoMFwnLeGI81vhb3ops9G.htm,http://haoping.haodf.com/keshi/1006000/daifu_all.htm
高压氧科,http://www.haodf.com/keshi/DE4r0PiRvNoMFwnjdF-JlNVkSHDpXX.htm,http://haoping.haodf.com/keshi/1001000/daifu_all.htm
神经外科,http://www.haodf.com/keshi/DE4r0PiRvNoMVGalSLvcmpRwpM-vyD.htm,http://haoping.haodf.com/keshi/2005000/daifu_all.htm
功能神经外科,http://www.haodf.com/keshi/DE4r0PiRvNoMVGaLfy9lrSjP-pqBS2.htm,http://haoping.haodf.com/keshi/2002000/daifu_all.htm
心血管外科,http://www.haodf.com/keshi/DE4r0PiRvNoMVGaNgMSP7Glx525DzK.htm,http://haoping.haodf.com/keshi/2006000/daifu_all.htm
胸外科,http://www.haodf.com/keshi/DE4r0PiRvNoMVGaWZNGTf2WJdBySMH.htm,http://haoping.haodf.com/keshi/2007000/daifu_all.htm
整形科,http://www.haodf.com/keshi/DE4r0PiRvNoMVGa0GXyQnqmRGNHGEI.htm,http://haoping.haodf.com/keshi/2009000/daifu_all.htm
乳腺外科,http://www.haodf.com/keshi/DE4r0PiRvNoMVGoLDHdnVoQVLdCuGs.htm,http://haoping.haodf.com/keshi/2011000/daifu_all.htm
泌尿外科,http://www.haodf.com/keshi/DE4r0PiRvNoMVGaRDHdnVoQVLdCuGs.htm,http://haoping.haodf.com/keshi/2003000/daifu_all.htm
肝胆外科,http://www.haodf.com/keshi/DE4r0PiRvNoMVGakv-5j0IJtZLKdvE.htm,http://haoping.haodf.com/keshi/2001000/daifu_all.htm
肛肠科,http://www.haodf.com/keshi/DE4r0PiRvNoMVGolgMSP7Glx525DzK.htm,http://haoping.haodf.com/keshi/2014000/daifu_all.htm
血管外科,http://www.haodf.com/keshi/DE4r0PiRvNoMVGaYwYCxjK0QvKsZYN.htm,http://haoping.haodf.com/keshi/2008000/daifu_all.htm
器官移植,http://www.haodf.com/keshi/DE4r0PiRvNoMVGoYGXyQnqmRGNHGEI.htm,http://haoping.haodf.com/keshi/2017000/daifu_all.htm
微创外科,http://www.haodf.com/keshi/DE4r0PiRvNoMVGo0hEzWcCnWyq9Koq.htm,http://haoping.haodf.com/keshi/2018000/daifu_all.htm
普外科,http://www.haodf.com/keshi/DE4r0PiRvNoMVGaMTzubJZkTXG3FCB.htm,http://haoping.haodf.com/keshi/2004000/daifu_all.htm
妇科,http://www.haodf.com/keshi/DE4r0PiRvNoMTC1pnHdnVoQVLdCuGs.htm,http://haoping.haodf.com/keshi/6002000/daifu_all.htm
产科,http://www.haodf.com/keshi/DE4r0PiRvNoMTC1OEy9lrSjP-pqBS2.htm,http://haoping.haodf.com/keshi/6001000/daifu_all.htm
妇科内分泌,http://www.haodf.com/keshi/DE4r0PiRvNoMTC1UIzubJZkTXG3FCB.htm,http://haoping.haodf.com/keshi/6003000/daifu_all.htm
妇泌尿科,http://www.haodf.com/keshi/DE4r0PiRvNoMTC12aLvcmpRwpM-vyD.htm,http://haoping.haodf.com/keshi/6004000/daifu_all.htm
产前诊断科,http://www.haodf.com/keshi/DE4r0PiRvNoMTC1qONGTf2WJdBySMH.htm,http://haoping.haodf.com/keshi/6006000/daifu_all.htm
遗传咨询科,http://www.haodf.com/keshi/DE4r0PiRvNoMTC11pYCxjK0QvKsZYN.htm,http://haoping.haodf.com/keshi/6007000/daifu_all.htm
计划生育科,http://www.haodf.com/keshi/DE4r0PiRvNoMTC1boMSP7Glx525DzK.htm,http://haoping.haodf.com/keshi/6005000/daifu_all.htm
妇产科,http://www.haodf.com/keshi/DE4r0PiRvNoMTC13UXyQnqmRGNHGEI.htm,http://haoping.haodf.com/keshi/6008000/daifu_all.htm
儿科,http://www.haodf.com/keshi/DE4r0PiRvNoMvh2Wi2oe4yb1s3dH6C.htm,http://haoping.haodf.com/keshi/3030000/daifu_all.htm
新生儿科,http://www.haodf.com/keshi/DE4r0PiRvNoMvhpWxoY1Q-OaEC6-3u.htm,http://haoping.haodf.com/keshi/3012000/daifu_all.htm
小儿呼吸科,http://www.haodf.com/keshi/DE4r0PiRvNoMvhOWKIMaT3amMuzC29.htm,http://haoping.haodf.com/keshi/3003000/daifu_all.htm
小儿消化科,http://www.haodf.com/keshi/DE4r0PiRvNoMvhONhEzWcCnWyq9Koq.htm,http://haoping.haodf.com/keshi/3002000/daifu_all.htm
小儿营养保健科,http://www.haodf.com/keshi/DE4r0PiRvNoMvhplhEzWcCnWyq9Koq.htm,http://haoping.haodf.com/keshi/3010000/daifu_all.htm
小儿神经内科,http://www.haodf.com/keshi/DE4r0PiRvNoMvhOXi2oe4yb1s3dH6C.htm,http://haoping.haodf.com/keshi/3006000/daifu_all.htm
小儿心内科,http://www.haodf.com/keshi/DE4r0PiRvNoMvhOYxoY1Q-OaEC6-3u.htm,http://haoping.haodf.com/keshi/3004000/daifu_all.htm
小儿肾内科,http://www.haodf.com/keshi/DE4r0PiRvNoMvhpIH9BOw64fNvYYK6.htm,http://haoping.haodf.com/keshi/3019000/daifu_all.htm
小儿内分泌科,http://www.haodf.com/keshi/DE4r0PiRvNoMvhp0i2oe4yb1s3dH6C.htm,http://haoping.haodf.com/keshi/3014000/daifu_all.htm
小儿免疫科,http://www.haodf.com/keshi/DE4r0PiRvNoMvhpnjs60tzceH5uNZ3.htm,http://haoping.haodf.com/keshi/3018000/daifu_all.htm
小儿皮肤科,http://www.haodf.com/keshi/DE4r0PiRvNoMvhUmy5skO978KXNMDo.htm,http://haoping.haodf.com/keshi/3025000/daifu_all.htm
小儿耳鼻喉,http://www.haodf.com/keshi/DE4r0PiRvNoMvhUXJ33ikHr4D-BLFY.htm,http://haoping.haodf.com/keshi/3024000/daifu_all.htm
小儿血液科,http://www.haodf.com/keshi/DE4r0PiRvNoMvhO0CpE4a5UU2YLysS.htm,http://haoping.haodf.com/keshi/3005000/daifu_all.htm
小儿感染科,http://www.haodf.com/keshi/DE4r0PiRvNoMvhpNKIMaT3amMuzC29.htm,http://haoping.haodf.com/keshi/3011000/daifu_all.htm
小儿精神科,http://www.haodf.com/keshi/DE4r0PiRvNoMvhUnH9BOw64fNvYYK6.htm,http://haoping.haodf.com/keshi/3027000/daifu_all.htm
小儿妇科,http://www.haodf.com/keshi/DE4r0PiRvNoMvhOEJ33ikHr4D-BLFY.htm,http://haoping.haodf.com/keshi/3008000/daifu_all.htm
小儿外科,http://www.haodf.com/keshi/DE4r0PiRvNoMvhpEy5skO978KXNMDo.htm,http://haoping.haodf.com/keshi/3017000/daifu_all.htm
小儿心外科,http://www.haodf.com/keshi/DE4r0PiRvNoMvhUWCpE4a5UU2YLysS.htm,http://haoping.haodf.com/keshi/3021000/daifu_all.htm
小儿胸外科,http://www.haodf.com/keshi/DE4r0PiRvNoMvhUazdDtUd8hqEXEHZ.htm,http://haoping.haodf.com/keshi/3029000/daifu_all.htm
小儿骨科,http://www.haodf.com/keshi/DE4r0PiRvNoMvhpX-q2ggs17BFMzBz.htm,http://haoping.haodf.com/keshi/3015000/daifu_all.htm
小儿泌尿科,http://www.haodf.com/keshi/DE4r0PiRvNoMvhUNxoY1Q-OaEC6-3u.htm,http://haoping.haodf.com/keshi/3020000/daifu_all.htm
小儿神经外科,http://www.haodf.com/keshi/DE4r0PiRvNoMvhUIQ6FrRLtgIyFX-F.htm,http://haoping.haodf.com/keshi/3028000/daifu_all.htm
小儿整形科,http://www.haodf.com/keshi/DE4r0PiRvNoMvhUYi2oe4yb1s3dH6C.htm,http://haoping.haodf.com/keshi/3022000/daifu_all.htm
小儿康复科,http://www.haodf.com/keshi/DE4r0PiRvNoMvhUEjs60tzceH5uNZ3.htm,http://haoping.haodf.com/keshi/3026000/daifu_all.htm
小儿急诊科,http://www.haodf.com/keshi/DE4r0PiRvNoMvhpYCpE4a5UU2YLysS.htm,http://haoping.haodf.com/keshi/3013000/daifu_all.htm
骨科,http://www.haodf.com/keshi/DE4r0u-lSI6BTj99SJsTWwc5eCb1VC1.htm,http://haoping.haodf.com/keshi/43007000/daifu_all.htm
脊柱外科,http://www.haodf.com/keshi/DE4r0u-lSI6BTj99Di3PxO7q4uhbPSW.htm,http://haoping.haodf.com/keshi/43005000/daifu_all.htm
手外科,http://www.haodf.com/keshi/DE4r0u-lSI6BTj99vx2cPgrp1qUUtux.htm,http://haoping.haodf.com/keshi/43003000/daifu_all.htm
创伤骨科,http://www.haodf.com/keshi/DE4r0u-lSI6BTj99fCqtTkJ2798h8vQ.htm,http://haoping.haodf.com/keshi/43004000/daifu_all.htm
骨关节科,http://www.haodf.com/keshi/DE4r0u-lSI6BTj99Fhobba1IaNwOc9P.htm,http://haoping.haodf.com/keshi/43001000/daifu_all.htm
矫形骨科,http://www.haodf.com/keshi/DE4r0u-lSI6BTj99VKprc4ioUIRw4dT.htm,http://haoping.haodf.com/keshi/43002000/daifu_all.htm
骨质疏松科,http://www.haodf.com/keshi/DE4r0u-lSI6BTj99T-5VQtj38SlxeGa.htm,http://haoping.haodf.com/keshi/43006000/daifu_all.htm
眼科,http://www.haodf.com/keshi/DE4r0u-lSI6BDys568SUOWWDnLVkjst.htm,http://haoping.haodf.com/keshi/33001000/daifu_all.htm
小儿眼科,http://www.haodf.com/keshi/DE4r0u-lSI6BDys5PF-eJrfCtvjPWZm.htm,http://haoping.haodf.com/keshi/33006000/daifu_all.htm
眼底,http://www.haodf.com/keshi/DE4r0u-lSI6BDys5tBZ1r1eSOXJtQ6V.htm,http://haoping.haodf.com/keshi/33002000/daifu_all.htm
角膜科,http://www.haodf.com/keshi/DE4r0u-lSI6BDys5uVyfRVn-PGnW0KU.htm,http://haoping.haodf.com/keshi/33007000/daifu_all.htm
青光眼,http://www.haodf.com/keshi/DE4r0u-lSI6BDys5dPG7te0ZbpmRkBw.htm,http://haoping.haodf.com/keshi/33003000/daifu_all.htm
白内障,http://www.haodf.com/keshi/DE4r0u-lSI6BDys5BeC8w0mKcdfllDR.htm,http://haoping.haodf.com/keshi/33005000/daifu_all.htm
眼外伤,http://www.haodf.com/keshi/DE4r0u-lSI6BDys58uK4ViVGr578RFJ.htm,http://haoping.haodf.com/keshi/33004000/daifu_all.htm
眼眶及肿瘤,http://www.haodf.com/keshi/DE4r0u-lSI6BDys5FfzhUmaHTMT0nH8.htm,http://haoping.haodf.com/keshi/33009000/daifu_all.htm
屈光,http://www.haodf.com/keshi/DE4r0u-lSI6BDys5evHgmJTyVycem-7.htm,http://haoping.haodf.com/keshi/33008000/daifu_all.htm
眼整形,http://www.haodf.com/keshi/DE4r0u-lSI6BDys76BZ1r1eSOXJtQ6V.htm,http://haoping.haodf.com/keshi/33010000/daifu_all.htm
中医眼科,http://www.haodf.com/keshi/DE4r0u-lSI6BDys7tPG7te0ZbpmRkBw.htm,http://haoping.haodf.com/keshi/33011000/daifu_all.htm
口腔科,http://www.haodf.com/keshi/DE4r0u-lSI6BvxbnNDLi77gzwEQVaLf.htm,http://haoping.haodf.com/keshi/10012000/daifu_all.htm
颌面外科,http://www.haodf.com/keshi/DE4r0u-lSI6BvxbElvHgmJTyVycem-7.htm,http://haoping.haodf.com/keshi/10002000/daifu_all.htm
正畸科,http://www.haodf.com/keshi/DE4r0u-lSI6BvxbE0SNkfjwMJs4fUXj.htm,http://haoping.haodf.com/keshi/10006000/daifu_all.htm
牙体牙髓科,http://www.haodf.com/keshi/DE4r0u-lSI6BvxbEmZX0jchYRDkT1pn.htm,http://haoping.haodf.com/keshi/10008000/daifu_all.htm
牙周科,http://www.haodf.com/keshi/DE4r0u-lSI6BvxbEEwEnlTbXWKOarqb.htm,http://haoping.haodf.com/keshi/10009000/daifu_all.htm
口腔粘膜科,http://www.haodf.com/keshi/DE4r0u-lSI6BvxbnMvHgmJTyVycem-7.htm,http://haoping.haodf.com/keshi/10010000/daifu_all.htm
儿童口腔科,http://www.haodf.com/keshi/DE4r0u-lSI6BvxbnlfzhUmaHTMT0nH8.htm,http://haoping.haodf.com/keshi/10011000/daifu_all.htm
口腔修复科,http://www.haodf.com/keshi/DE4r0u-lSI6BvxbEWDLi77gzwEQVaLf.htm,http://haoping.haodf.com/keshi/10004000/daifu_all.htm
种植科,http://www.haodf.com/keshi/DE4r0u-lSI6BvxbEXgYlhnUNQBgnbIl.htm,http://haoping.haodf.com/keshi/10007000/daifu_all.htm
口腔预防科,http://www.haodf.com/keshi/DE4r0u-lSI6BvxbEYTMj8fOLx2amONh.htm,http://haoping.haodf.com/keshi/10005000/daifu_all.htm
口腔特诊科,http://www.haodf.com/keshi/DE4r0u-lSI6BvxbENfzhUmaHTMT0nH8.htm,http://haoping.haodf.com/keshi/10003000/daifu_all.htm
口腔急诊科,http://www.haodf.com/keshi/DE4r0u-lSI6BvxbEMVyfRVn-PGnW0KU.htm,http://haoping.haodf.com/keshi/10001000/daifu_all.htm
肿瘤内科,http://www.haodf.com/keshi/DE4r0u-lSI6BfQ99Zj6x1U49gYxrTze.htm,http://haoping.haodf.com/keshi/27009000/daifu_all.htm
肿瘤外科,http://www.haodf.com/keshi/DE4r0u-lSI6BfQ99gy9waRQsfzPify4.htm,http://haoping.haodf.com/keshi/27008000/daifu_all.htm
肿瘤妇科,http://www.haodf.com/keshi/DE4r0u-lSI6BfQ94FKprc4ioUIRw4dT.htm,http://haoping.haodf.com/keshi/27010000/daifu_all.htm
放疗科,http://www.haodf.com/keshi/DE4r0u-lSI6BfQ99Di3PxO7q4uhbPSW.htm,http://haoping.haodf.com/keshi/27005000/daifu_all.htm
骨肿瘤科,http://www.haodf.com/keshi/DE4r0u-lSI6BfQ99T-5VQtj38SlxeGa.htm,http://haoping.haodf.com/keshi/27006000/daifu_all.htm
肿瘤康复科,http://www.haodf.com/keshi/DE4r0u-lSI6BfQ94Vx2cPgrp1qUUtux.htm,http://haoping.haodf.com/keshi/27011000/daifu_all.htm
肿瘤综合科,http://www.haodf.com/keshi/DE4r0u-lSI6BfQ99VKprc4ioUIRw4dT.htm,http://haoping.haodf.com/keshi/27002000/daifu_all.htm
中医妇产科,http://www.haodf.com/keshi/DE4r0u-lSI6BfHcseSNkfjwMJs4fUXj.htm,http://haoping.haodf.com/keshi/26004000/daifu_all.htm
中医儿科,http://www.haodf.com/keshi/DE4r0u-lSI6BfHccFZX0jchYRDkT1pn.htm,http://haoping.haodf.com/keshi/26014000/daifu_all.htm
中医骨科,http://www.haodf.com/keshi/DE4r0u-lSI6BfHccBDLi77gzwEQVaLf.htm,http://haoping.haodf.com/keshi/26010000/daifu_all.htm
中医皮肤科,http://www.haodf.com/keshi/DE4r0u-lSI6BfHc9PSNkfjwMJs4fUXj.htm,http://haoping.haodf.com/keshi/26020000/daifu_all.htm
中医内分泌,http://www.haodf.com/keshi/DE4r0u-lSI6BfHccTx2cPgrp1qUUtux.htm,http://haoping.haodf.com/keshi/26019000/daifu_all.htm
中医消化科,http://www.haodf.com/keshi/DE4r0u-lSI6BfHc9fKprc4ioUIRw4dT.htm,http://haoping.haodf.com/keshi/26026000/daifu_all.htm
中医呼吸科,http://www.haodf.com/keshi/DE4r0u-lSI6BfHccegYlhnUNQBgnbIl.htm,http://haoping.haodf.com/keshi/26013000/daifu_all.htm
中医肾病内科,http://www.haodf.com/keshi/DE4r0u-lSI6BfHc9Dx2cPgrp1qUUtux.htm,http://haoping.haodf.com/keshi/26027000/daifu_all.htm
中医免疫内科,http://www.haodf.com/keshi/DE4r0u-lSI6BfHccvGIOnQxEmHtg75c.htm,http://haoping.haodf.com/keshi/26016000/daifu_all.htm
中医心内科,http://www.haodf.com/keshi/DE4r0u-lSI6BfHc9eZX0jchYRDkT1pn.htm,http://haoping.haodf.com/keshi/26022000/daifu_all.htm
中医神经内科,http://www.haodf.com/keshi/DE4r0u-lSI6BfHc9ugYlhnUNQBgnbIl.htm,http://haoping.haodf.com/keshi/26021000/daifu_all.htm
中医肿瘤科,http://www.haodf.com/keshi/DE4r0u-lSI6BfHccPTMj8fOLx2amONh.htm,http://haoping.haodf.com/keshi/26011000/daifu_all.htm
中医血液科,http://www.haodf.com/keshi/DE4r0u-lSI6BfHc9FwEnlTbXWKOarqb.htm,http://haoping.haodf.com/keshi/26023000/daifu_all.htm
中医感染内科,http://www.haodf.com/keshi/DE4r0u-lSI6BfHccDKprc4ioUIRw4dT.htm,http://haoping.haodf.com/keshi/26018000/daifu_all.htm
中医肝病科,http://www.haodf.com/keshi/DE4r0u-lSI6BfHccfhobba1IaNwOc9P.htm,http://haoping.haodf.com/keshi/26017000/daifu_all.htm
中医五官科,http://www.haodf.com/keshi/DE4r0u-lSI6BfHccVwEnlTbXWKOarqb.htm,http://haoping.haodf.com/keshi/26015000/daifu_all.htm
中医男科,http://www.haodf.com/keshi/DE4r0u-lSI6BfHcsvwEnlTbXWKOarqb.htm,http://haoping.haodf.com/keshi/26007000/daifu_all.htm
针灸科,http://www.haodf.com/keshi/DE4r0u-lSI6BfHcsBfzhUmaHTMT0nH8.htm,http://haoping.haodf.com/keshi/26001000/daifu_all.htm
中医按摩科,http://www.haodf.com/keshi/DE4r0u-lSI6BfHccuSNkfjwMJs4fUXj.htm,http://haoping.haodf.com/keshi/26012000/daifu_all.htm
中医外科,http://www.haodf.com/keshi/DE4r0u-lSI6BfHcsDhobba1IaNwOc9P.htm,http://haoping.haodf.com/keshi/26009000/daifu_all.htm
中医乳腺外科,http://www.haodf.com/keshi/DE4r0u-lSI6BfHc9vhobba1IaNwOc9P.htm,http://haoping.haodf.com/keshi/26025000/daifu_all.htm
中医肛肠科,http://www.haodf.com/keshi/DE4r0u-lSI6BfHcsFgYlhnUNQBgnbIl.htm,http://haoping.haodf.com/keshi/26005000/daifu_all.htm
中医老年病科,http://www.haodf.com/keshi/DE4r0u-lSI6BfHcsVZX0jchYRDkT1pn.htm,http://haoping.haodf.com/keshi/26006000/daifu_all.htm
中医科,http://www.haodf.com/keshi/DE4r0u-lSI6BfHc9VGIOnQxEmHtg75c.htm,http://haoping.haodf.com/keshi/26024000/daifu_all.htm
生殖中心,http://www.haodf.com/keshi/DE4r0u-lSI6BDJ7375sTWwc5eCb1VC1.htm,http://haoping.haodf.com/keshi/32000000/daifu_all.htm
耳鼻喉,http://www.haodf.com/keshi/DE4r0PiRvNoMDxbnMvHRbuflCII2Ip.htm,http://haoping.haodf.com/keshi/5001000/daifu_all.htm
皮肤科,http://www.haodf.com/keshi/DE4r0u-lSI6Bvi1oEJsTWwc5eCb1VC1.htm,http://haoping.haodf.com/keshi/12001000/daifu_all.htm
男科,http://www.haodf.com/keshi/DE4r0u-lSI6BDjcs8vHgmJTyVycem-7.htm,http://haoping.haodf.com/keshi/34000000/daifu_all.htm
皮肤美容,http://www.haodf.com/keshi/DE4r0u-lSI6BvQcs8vHgmJTyVycem-7.htm,http://haoping.haodf.com/keshi/18000000/daifu_all.htm
烧伤科,http://www.haodf.com/keshi/DE4r0u-lSI6BD-5q1pEnlTbXWKOarqb.htm,http://haoping.haodf.com/keshi/31000000/daifu_all.htm
精神科,http://www.haodf.com/keshi/DE4r0PiRvNoMZJccBDLmPYT0z9Sqp5.htm,http://haoping.haodf.com/keshi/9001000/daifu_all.htm
中西医结合科,http://www.haodf.com/keshi/DE4r0u-lSI6Bfjs54dDa0xPv0-r4J3r.htm,http://haoping.haodf.com/keshi/25000000/daifu_all.htm
肝病科,http://www.haodf.com/keshi/DE4r0PiRvNoMfKUXjs60tzceH5uNZ3.htm,http://haoping.haodf.com/keshi/4002000/daifu_all.htm
结核病科,http://www.haodf.com/keshi/DE4r0PiRvNoMg-7375skO978KXNMDo.htm,http://haoping.haodf.com/keshi/8000000/daifu_all.htm
介入医学科,http://www.haodf.com/keshi/DE4r0u-lSI6BTkdui2obba1IaNwOc9P.htm,http://haoping.haodf.com/keshi/47000000/daifu_all.htm
康复科,http://www.haodf.com/keshi/DE4r0u-lSI6BTH46THdJ48k6hoWJgMg.htm,http://haoping.haodf.com/keshi/44002000/daifu_all.htm
运动医学科,http://www.haodf.com/keshi/DE4r0u-lSI6Bf-r2UXyfRVn-PGnW0KU.htm,http://haoping.haodf.com/keshi/22000000/daifu_all.htm
疼痛科,http://www.haodf.com/keshi/DE4r0u-lSI6BTQ6dZlZ1r1eSOXJtQ6V.htm,http://haoping.haodf.com/keshi/45001000/daifu_all.htm
职业病科,http://www.haodf.com/keshi/DE4r0u-lSI6BfJ5q1pEnlTbXWKOarqb.htm,http://haoping.haodf.com/keshi/23000000/daifu_all.htm
地方病科,http://www.haodf.com/keshi/DE4r0u-lSI6BvHs54dDa0xPv0-r4J3r.htm,http://haoping.haodf.com/keshi/17000000/daifu_all.htm
营养科,http://www.haodf.com/keshi/DE4r0u-lSI6BDz6dgMSUOWWDnLVkjst.htm,http://haoping.haodf.com/keshi/37000000/daifu_all.htm
核医学科,http://www.haodf.com/keshi/DE4r0u-lSI6BTztBxIMj8fOLx2amONh.htm,http://haoping.haodf.com/keshi/46002000/daifu_all.htm
病理科,http://www.haodf.com/keshi/DE4r0u-lSI6BvJr2UXyfRVn-PGnW0KU.htm,http://haoping.haodf.com/keshi/14000000/daifu_all.htm
急诊科,http://www.haodf.com/keshi/DE4r0PiRvNoMSir2UXyQnqmRGNHGEI.htm,http://haoping.haodf.com/keshi/7000000/daifu_all.htm
