心血管内科,http://www.haodf.com/keshi/DE4r0PiRvNoMFwIj8vHRbuflCII2Ip.htm
神经内科,http://www.haodf.com/keshi/DE4r0PiRvNoMFwnRFKpfeExr66G9dy.htm
消化内科,http://www.haodf.com/keshi/DE4r0PiRvNoMFwnlv-5j0IJtZLKdvE.htm
内分泌科,http://www.haodf.com/keshi/DE4r0PiRvNoMFwnkuZX7WXwOozZ55v.htm
免疫科,http://www.haodf.com/keshi/DE4r0PiRvNoMFwnzPSNUxFgnYSo3qd.htm
呼吸科,http://www.haodf.com/keshi/DE4r0PiRvNoMFwnH8vHRbuflCII2Ip.htm
肾病内科,http://www.haodf.com/keshi/DE4r0PiRvNoMFwnMVCqhiDicFZ26uM.htm
血液科,http://www.haodf.com/keshi/DE4r0PiRvNoMFwIHBDLmPYT0z9Sqp5.htm
感染内科,http://www.haodf.com/keshi/DE4r0PiRvNoMFwIQPSNUxFgnYSo3qd.htm
过敏反应科,http://www.haodf.com/keshi/DE4r0PiRvNoMFwIkeGI81vhb3ops9G.htm
老年病科,http://www.haodf.com/keshi/DE4r0PiRvNoMFwnQBDLmPYT0z9Sqp5.htm
普通内科,http://www.haodf.com/keshi/DE4r0PiRvNoMFwnLeGI81vhb3ops9G.htm
高压氧科,http://www.haodf.com/keshi/DE4r0PiRvNoMFwnjdF-JlNVkSHDpXX.htm
神经外科,http://www.haodf.com/keshi/DE4r0PiRvNoMVGalSLvcmpRwpM-vyD.htm
功能神经外科,http://www.haodf.com/keshi/DE4r0PiRvNoMVGaLfy9lrSjP-pqBS2.htm
心血管外科,http://www.haodf.com/keshi/DE4r0PiRvNoMVGaNgMSP7Glx525DzK.htm
胸外科,http://www.haodf.com/keshi/DE4r0PiRvNoMVGaWZNGTf2WJdBySMH.htm
整形科,http://www.haodf.com/keshi/DE4r0PiRvNoMVGa0GXyQnqmRGNHGEI.htm
乳腺外科,http://www.haodf.com/keshi/DE4r0PiRvNoMVGoLDHdnVoQVLdCuGs.htm
泌尿外科,http://www.haodf.com/keshi/DE4r0PiRvNoMVGaRDHdnVoQVLdCuGs.htm
肝胆外科,http://www.haodf.com/keshi/DE4r0PiRvNoMVGakv-5j0IJtZLKdvE.htm
肛肠科,http://www.haodf.com/keshi/DE4r0PiRvNoMVGolgMSP7Glx525DzK.htm
血管外科,http://www.haodf.com/keshi/DE4r0PiRvNoMVGaYwYCxjK0QvKsZYN.htm
器官移植,http://www.haodf.com/keshi/DE4r0PiRvNoMVGoYGXyQnqmRGNHGEI.htm
微创外科,http://www.haodf.com/keshi/DE4r0PiRvNoMVGo0hEzWcCnWyq9Koq.htm
普外科,http://www.haodf.com/keshi/DE4r0PiRvNoMVGaMTzubJZkTXG3FCB.htm
妇科,http://www.haodf.com/keshi/DE4r0PiRvNoMTC1pnHdnVoQVLdCuGs.htm
产科,http://www.haodf.com/keshi/DE4r0PiRvNoMTC1OEy9lrSjP-pqBS2.htm
妇科内分泌,http://www.haodf.com/keshi/DE4r0PiRvNoMTC1UIzubJZkTXG3FCB.htm
妇泌尿科,http://www.haodf.com/keshi/DE4r0PiRvNoMTC12aLvcmpRwpM-vyD.htm
产前诊断科,http://www.haodf.com/keshi/DE4r0PiRvNoMTC1qONGTf2WJdBySMH.htm
遗传咨询科,http://www.haodf.com/keshi/DE4r0PiRvNoMTC11pYCxjK0QvKsZYN.htm
计划生育科,http://www.haodf.com/keshi/DE4r0PiRvNoMTC1boMSP7Glx525DzK.htm
妇产科,http://www.haodf.com/keshi/DE4r0PiRvNoMTC13UXyQnqmRGNHGEI.htm
儿科,http://www.haodf.com/keshi/DE4r0PiRvNoMvh2Wi2oe4yb1s3dH6C.htm
新生儿科,http://www.haodf.com/keshi/DE4r0PiRvNoMvhpWxoY1Q-OaEC6-3u.htm
小儿呼吸科,http://www.haodf.com/keshi/DE4r0PiRvNoMvhOWKIMaT3amMuzC29.htm
小儿消化科,http://www.haodf.com/keshi/DE4r0PiRvNoMvhONhEzWcCnWyq9Koq.htm
小儿营养保健科,http://www.haodf.com/keshi/DE4r0PiRvNoMvhplhEzWcCnWyq9Koq.htm
小儿神经内科,http://www.haodf.com/keshi/DE4r0PiRvNoMvhOXi2oe4yb1s3dH6C.htm
小儿心内科,http://www.haodf.com/keshi/DE4r0PiRvNoMvhOYxoY1Q-OaEC6-3u.htm
小儿肾内科,http://www.haodf.com/keshi/DE4r0PiRvNoMvhpIH9BOw64fNvYYK6.htm
小儿内分泌科,http://www.haodf.com/keshi/DE4r0PiRvNoMvhp0i2oe4yb1s3dH6C.htm
小儿免疫科,http://www.haodf.com/keshi/DE4r0PiRvNoMvhpnjs60tzceH5uNZ3.htm
小儿皮肤科,http://www.haodf.com/keshi/DE4r0PiRvNoMvhUmy5skO978KXNMDo.htm
小儿耳鼻喉,http://www.haodf.com/keshi/DE4r0PiRvNoMvhUXJ33ikHr4D-BLFY.htm
小儿血液科,http://www.haodf.com/keshi/DE4r0PiRvNoMvhO0CpE4a5UU2YLysS.htm
小儿感染科,http://www.haodf.com/keshi/DE4r0PiRvNoMvhpNKIMaT3amMuzC29.htm
小儿精神科,http://www.haodf.com/keshi/DE4r0PiRvNoMvhUnH9BOw64fNvYYK6.htm
小儿妇科,http://www.haodf.com/keshi/DE4r0PiRvNoMvhOEJ33ikHr4D-BLFY.htm
小儿外科,http://www.haodf.com/keshi/DE4r0PiRvNoMvhpEy5skO978KXNMDo.htm
小儿心外科,http://www.haodf.com/keshi/DE4r0PiRvNoMvhUWCpE4a5UU2YLysS.htm
小儿胸外科,http://www.haodf.com/keshi/DE4r0PiRvNoMvhUazdDtUd8hqEXEHZ.htm
小儿骨科,http://www.haodf.com/keshi/DE4r0PiRvNoMvhpX-q2ggs17BFMzBz.htm
小儿泌尿科,http://www.haodf.com/keshi/DE4r0PiRvNoMvhUNxoY1Q-OaEC6-3u.htm
小儿神经外科,http://www.haodf.com/keshi/DE4r0PiRvNoMvhUIQ6FrRLtgIyFX-F.htm
小儿整形科,http://www.haodf.com/keshi/DE4r0PiRvNoMvhUYi2oe4yb1s3dH6C.htm
小儿康复科,http://www.haodf.com/keshi/DE4r0PiRvNoMvhUEjs60tzceH5uNZ3.htm
小儿急诊科,http://www.haodf.com/keshi/DE4r0PiRvNoMvhpYCpE4a5UU2YLysS.htm
骨科,http://www.haodf.com/keshi/DE4r0u-lSI6BTj99SJsTWwc5eCb1VC1.htm
脊柱外科,http://www.haodf.com/keshi/DE4r0u-lSI6BTj99Di3PxO7q4uhbPSW.htm
手外科,http://www.haodf.com/keshi/DE4r0u-lSI6BTj99vx2cPgrp1qUUtux.htm
创伤骨科,http://www.haodf.com/keshi/DE4r0u-lSI6BTj99fCqtTkJ2798h8vQ.htm
骨关节科,http://www.haodf.com/keshi/DE4r0u-lSI6BTj99Fhobba1IaNwOc9P.htm
矫形骨科,http://www.haodf.com/keshi/DE4r0u-lSI6BTj99VKprc4ioUIRw4dT.htm
骨质疏松科,http://www.haodf.com/keshi/DE4r0u-lSI6BTj99T-5VQtj38SlxeGa.htm
眼科,http://www.haodf.com/keshi/DE4r0u-lSI6BDys568SUOWWDnLVkjst.htm
小儿眼科,http://www.haodf.com/keshi/DE4r0u-lSI6BDys5PF-eJrfCtvjPWZm.htm
眼底,http://www.haodf.com/keshi/DE4r0u-lSI6BDys5tBZ1r1eSOXJtQ6V.htm
角膜科,http://www.haodf.com/keshi/DE4r0u-lSI6BDys5uVyfRVn-PGnW0KU.htm
青光眼,http://www.haodf.com/keshi/DE4r0u-lSI6BDys5dPG7te0ZbpmRkBw.htm
白内障,http://www.haodf.com/keshi/DE4r0u-lSI6BDys5BeC8w0mKcdfllDR.htm
眼外伤,http://www.haodf.com/keshi/DE4r0u-lSI6BDys58uK4ViVGr578RFJ.htm
眼眶及肿瘤,http://www.haodf.com/keshi/DE4r0u-lSI6BDys5FfzhUmaHTMT0nH8.htm
屈光,http://www.haodf.com/keshi/DE4r0u-lSI6BDys5evHgmJTyVycem-7.htm
眼整形,http://www.haodf.com/keshi/DE4r0u-lSI6BDys76BZ1r1eSOXJtQ6V.htm
中医眼科,http://www.haodf.com/keshi/DE4r0u-lSI6BDys7tPG7te0ZbpmRkBw.htm
口腔科,http://www.haodf.com/keshi/DE4r0u-lSI6BvxbnNDLi77gzwEQVaLf.htm
颌面外科,http://www.haodf.com/keshi/DE4r0u-lSI6BvxbElvHgmJTyVycem-7.htm
正畸科,http://www.haodf.com/keshi/DE4r0u-lSI6BvxbE0SNkfjwMJs4fUXj.htm
牙体牙髓科,http://www.haodf.com/keshi/DE4r0u-lSI6BvxbEmZX0jchYRDkT1pn.htm
牙周科,http://www.haodf.com/keshi/DE4r0u-lSI6BvxbEEwEnlTbXWKOarqb.htm
口腔粘膜科,http://www.haodf.com/keshi/DE4r0u-lSI6BvxbnMvHgmJTyVycem-7.htm
儿童口腔科,http://www.haodf.com/keshi/DE4r0u-lSI6BvxbnlfzhUmaHTMT0nH8.htm
口腔修复科,http://www.haodf.com/keshi/DE4r0u-lSI6BvxbEWDLi77gzwEQVaLf.htm
种植科,http://www.haodf.com/keshi/DE4r0u-lSI6BvxbEXgYlhnUNQBgnbIl.htm
口腔预防科,http://www.haodf.com/keshi/DE4r0u-lSI6BvxbEYTMj8fOLx2amONh.htm
口腔特诊科,http://www.haodf.com/keshi/DE4r0u-lSI6BvxbENfzhUmaHTMT0nH8.htm
口腔急诊科,http://www.haodf.com/keshi/DE4r0u-lSI6BvxbEMVyfRVn-PGnW0KU.htm
肿瘤内科,http://www.haodf.com/keshi/DE4r0u-lSI6BfQ99Zj6x1U49gYxrTze.htm
肿瘤外科,http://www.haodf.com/keshi/DE4r0u-lSI6BfQ99gy9waRQsfzPify4.htm
肿瘤妇科,http://www.haodf.com/keshi/DE4r0u-lSI6BfQ94FKprc4ioUIRw4dT.htm
放疗科,http://www.haodf.com/keshi/DE4r0u-lSI6BfQ99Di3PxO7q4uhbPSW.htm
骨肿瘤科,http://www.haodf.com/keshi/DE4r0u-lSI6BfQ99T-5VQtj38SlxeGa.htm
肿瘤康复科,http://www.haodf.com/keshi/DE4r0u-lSI6BfQ94Vx2cPgrp1qUUtux.htm
肿瘤综合科,http://www.haodf.com/keshi/DE4r0u-lSI6BfQ99VKprc4ioUIRw4dT.htm
中医妇产科,http://www.haodf.com/keshi/DE4r0u-lSI6BfHcseSNkfjwMJs4fUXj.htm
中医儿科,http://www.haodf.com/keshi/DE4r0u-lSI6BfHccFZX0jchYRDkT1pn.htm
中医骨科,http://www.haodf.com/keshi/DE4r0u-lSI6BfHccBDLi77gzwEQVaLf.htm
中医皮肤科,http://www.haodf.com/keshi/DE4r0u-lSI6BfHc9PSNkfjwMJs4fUXj.htm
中医内分泌,http://www.haodf.com/keshi/DE4r0u-lSI6BfHccTx2cPgrp1qUUtux.htm
中医消化科,http://www.haodf.com/keshi/DE4r0u-lSI6BfHc9fKprc4ioUIRw4dT.htm
中医呼吸科,http://www.haodf.com/keshi/DE4r0u-lSI6BfHccegYlhnUNQBgnbIl.htm
中医肾病内科,http://www.haodf.com/keshi/DE4r0u-lSI6BfHc9Dx2cPgrp1qUUtux.htm
中医免疫内科,http://www.haodf.com/keshi/DE4r0u-lSI6BfHccvGIOnQxEmHtg75c.htm
中医心内科,http://www.haodf.com/keshi/DE4r0u-lSI6BfHc9eZX0jchYRDkT1pn.htm
中医神经内科,http://www.haodf.com/keshi/DE4r0u-lSI6BfHc9ugYlhnUNQBgnbIl.htm
中医肿瘤科,http://www.haodf.com/keshi/DE4r0u-lSI6BfHccPTMj8fOLx2amONh.htm
中医血液科,http://www.haodf.com/keshi/DE4r0u-lSI6BfHc9FwEnlTbXWKOarqb.htm
中医感染内科,http://www.haodf.com/keshi/DE4r0u-lSI6BfHccDKprc4ioUIRw4dT.htm
中医肝病科,http://www.haodf.com/keshi/DE4r0u-lSI6BfHccfhobba1IaNwOc9P.htm
中医五官科,http://www.haodf.com/keshi/DE4r0u-lSI6BfHccVwEnlTbXWKOarqb.htm
中医男科,http://www.haodf.com/keshi/DE4r0u-lSI6BfHcsvwEnlTbXWKOarqb.htm
针灸科,http://www.haodf.com/keshi/DE4r0u-lSI6BfHcsBfzhUmaHTMT0nH8.htm
中医按摩科,http://www.haodf.com/keshi/DE4r0u-lSI6BfHccuSNkfjwMJs4fUXj.htm
中医外科,http://www.haodf.com/keshi/DE4r0u-lSI6BfHcsDhobba1IaNwOc9P.htm
中医乳腺外科,http://www.haodf.com/keshi/DE4r0u-lSI6BfHc9vhobba1IaNwOc9P.htm
中医肛肠科,http://www.haodf.com/keshi/DE4r0u-lSI6BfHcsFgYlhnUNQBgnbIl.htm
中医老年病科,http://www.haodf.com/keshi/DE4r0u-lSI6BfHcsVZX0jchYRDkT1pn.htm
中医科,http://www.haodf.com/keshi/DE4r0u-lSI6BfHc9VGIOnQxEmHtg75c.htm
生殖中心,http://www.haodf.com/keshi/DE4r0u-lSI6BDJ7375sTWwc5eCb1VC1.htm
耳鼻喉,http://www.haodf.com/keshi/DE4r0PiRvNoMDxbnMvHRbuflCII2Ip.htm
皮肤科,http://www.haodf.com/keshi/DE4r0u-lSI6Bvi1oEJsTWwc5eCb1VC1.htm
男科,http://www.haodf.com/keshi/DE4r0u-lSI6BDjcs8vHgmJTyVycem-7.htm
皮肤美容,http://www.haodf.com/keshi/DE4r0u-lSI6BvQcs8vHgmJTyVycem-7.htm
烧伤科,http://www.haodf.com/keshi/DE4r0u-lSI6BD-5q1pEnlTbXWKOarqb.htm
精神科,http://www.haodf.com/keshi/DE4r0PiRvNoMZJccBDLmPYT0z9Sqp5.htm
中西医结合科,http://www.haodf.com/keshi/DE4r0u-lSI6Bfjs54dDa0xPv0-r4J3r.htm
肝病科,http://www.haodf.com/keshi/DE4r0PiRvNoMfKUXjs60tzceH5uNZ3.htm
结核病科,http://www.haodf.com/keshi/DE4r0PiRvNoMg-7375skO978KXNMDo.htm
介入医学科,http://www.haodf.com/keshi/DE4r0u-lSI6BTkdui2obba1IaNwOc9P.htm
康复科,http://www.haodf.com/keshi/DE4r0u-lSI6BTH46THdJ48k6hoWJgMg.htm
运动医学科,http://www.haodf.com/keshi/DE4r0u-lSI6Bf-r2UXyfRVn-PGnW0KU.htm
疼痛科,http://www.haodf.com/keshi/DE4r0u-lSI6BTQ6dZlZ1r1eSOXJtQ6V.htm
职业病科,http://www.haodf.com/keshi/DE4r0u-lSI6BfJ5q1pEnlTbXWKOarqb.htm
地方病科,http://www.haodf.com/keshi/DE4r0u-lSI6BvHs54dDa0xPv0-r4J3r.htm
营养科,http://www.haodf.com/keshi/DE4r0u-lSI6BDz6dgMSUOWWDnLVkjst.htm
核医学科,http://www.haodf.com/keshi/DE4r0u-lSI6BTztBxIMj8fOLx2amONh.htm
病理科,http://www.haodf.com/keshi/DE4r0u-lSI6BvJr2UXyfRVn-PGnW0KU.htm
急诊科,http://www.haodf.com/keshi/DE4r0PiRvNoMSir2UXyQnqmRGNHGEI.htm
